_id,chainId,address,tokenId,name,symbol,decimals,priceUSD,type
64f52821a0c356541eadbf8b,1,0x0000000000000000000000000000000000000000,1_0x0000000000000000000000000000000000000000,ETH,ETH,18,3247.375871512513,NATIVE
64f52821a0c356541eadbf8c,1,0xC02aaA39b223FE8D0A0e5C4F27eAD9083C756Cc2,1_0xC02aaA39b223FE8D0A0e5C4F27eAD9083C756Cc2,WETH,WETH,18,3238.912175790329,wETH
64f52821a0c356541eadbf8d,1,0xA0b86991c6218b36c1d19D4a2e9Eb0cE3606eB48,1_0xA0b86991c6218b36c1d19D4a2e9Eb0cE3606eB48,USD Coin,USDC,6,0.9999790189591575,STABLE
64f52821a0c356541eadbf8e,1,0xdAC17F958D2ee523a2206206994597C13D831ec7,1_0xdAC17F958D2ee523a2206206994597C13D831ec7,USDT,USDT,6,0.999887086274799,STABLE
64f52821a0c356541eadbf8f,1,0x6B175474E89094C44Da98b954EedeAC495271d0F,1_0x6B175474E89094C44Da98b954EedeAC495271d0F,DAI Stablecoin,DAI,18,1.000121500549585,STABLE
64f52821a0c356541eadbf90,1,0x2260FAC5E5542a773Aa44fBCfeDf7C193bc2C599,1_0x2260FAC5E5542a773Aa44fBCfeDf7C193bc2C599,WBTC,WBTC,8,93202.09845464413,wNATIVE
64f52821a0c356541eadbf91,1,0x6B3595068778DD592e39A122f4f5a5cF09C90fE2,1_0x6B3595068778DD592e39A122f4f5a5cF09C90fE2,SUSHI,SUSHI,18,1.455062053709952,CRYPTO
64f52821a0c356541eadbf92,1,0x4Fabb145d64652a948d72533023f6E7A623C7C53,1_0x4Fabb145d64652a948d72533023f6E7A623C7C53,BUSD,BUSD,18,1.00059109380255,STABLE
64f52821a0c356541eadbf93,1,0xB8c77482e45F1F44dE1745F52C74426C631bDD52,1_0xB8c77482e45F1F44dE1745F52C74426C631bDD52,BNB,BNB,18,688.0567962681292,wNATIVE
64f52821a0c356541eadbf94,1,0x7D1AfA7B718fb893dB30A3aBc0Cfc608AaCfeBB0,1_0x7D1AfA7B718fb893dB30A3aBc0Cfc608AaCfeBB0,Matic Token,MATIC,18,0.4508908784369783,wNATIVE
64f52821a0c356541eadbf95,1,0xD31a59c85aE9D8edEFeC411D448f90841571b89c,1_0xD31a59c85aE9D8edEFeC411D448f90841571b89c,Wrapped SOL (Wormhole),SOL,9,188.3485964881368,wNATIVE
64f52821a0c356541eadbf96,1,0xF629cBd94d3791C9250152BD8dfBDF380E2a3B9c,1_0xF629cBd94d3791C9250152BD8dfBDF380E2a3B9c,Enjin Coin,ENJ,18,0.2003812122798856,CRYPTO
64f52821a0c356541eadbf97,1,0xAf5191B0De278C7286d6C7CC6ab6BB8A73bA2Cd6,1_0xAf5191B0De278C7286d6C7CC6ab6BB8A73bA2Cd6,StargateToken,STG,18,0.412629748937109,CRYPTO
64f52821a0c356541eadbf98,1,0x853d955aCEf822Db058eb8505911ED77F175b99e,1_0x853d955aCEf822Db058eb8505911ED77F175b99e,Frax,FRAX,18,0.995774631812809,STABLE
64f52821a0c356541eadbf99,1,0xB50721BCf8d664c30412Cfbc6cf7a15145234ad1,1_0xB50721BCf8d664c30412Cfbc6cf7a15145234ad1,Arbitrum,ARB,18,0.7497269795204458,CRYPTO
64f52821a0c356541eadbf9a,1,0x7Fc66500c84A76Ad7e9c93437bFc5Ac33E2DDaE9,1_0x7Fc66500c84A76Ad7e9c93437bFc5Ac33E2DDaE9,Aave Token,AAVE,18,287.2433543369052,CRYPTO
64f52821a0c356541eadbf9b,1,0x0C10bF8FcB7Bf5412187A595ab97a3609160b5c6,1_0x0C10bF8FcB7Bf5412187A595ab97a3609160b5c6,Decentralized USD,USDD,18,0.9962762847807779,STABLE
64f52821a0c356541eadbf9c,1,0x111111111117dC0aa78b770fA6A738034120C302,1_0x111111111117dC0aa78b770fA6A738034120C302,1INCH Token,1INCH,18,0.3817895029614423,CRYPTO
64f52821a0c356541eadbf9d,1,0x92D6C1e31e14520e676a687F0a93788B716BEff5,1_0x92D6C1e31e14520e676a687F0a93788B716BEff5,dYdX,DYDX,18,1.322881311574038,CRYPTO
64f52821a0c356541eadbf9e,1,0x0000000000085d4780B73119b644AE5ecd22b376,1_0x0000000000085d4780B73119b644AE5ecd22b376,TrueUSD,TUSD,18,0.9999809183690074,STABLE
64f52821a0c356541eadbf9f,1,0x50327c6c5a14DCaDE707ABad2E27eB517df87AB5,1_0x50327c6c5a14DCaDE707ABad2E27eB517df87AB5,TRON,TRX,6,0.2408054155778556,wNATIVE
64f52821a0c356541eadbfa0,1,0x7f39C581F595B53c5cb19bD0b3f8dA6c935E2Ca0,1_0x7f39C581F595B53c5cb19bD0b3f8dA6c935E2Ca0,Wrapped liquid staked Ether 2.0,wstETH,18,3853.516696824753,CRYPTO
64f52821a0c356541eadbfa1,1,0xba100000625a3754423978a60c9317c58a424e3D,1_0xba100000625a3754423978a60c9317c58a424e3D,Balancer,BAL,18,2.456145391561386,CRYPTO
64f52821a0c356541eadbfa2,1,0x514910771AF9Ca656af840dff83E8264EcF986CA,1_0x514910771AF9Ca656af840dff83E8264EcF986CA,ChainLink Token,LINK,18,19.88908218531716,CRYPTO
64f52821a0c356541eadbfa3,1,0x1f9840a85d5aF5bf1D1762F925BDADdC4201F984,1_0x1f9840a85d5aF5bf1D1762F925BDADdC4201F984,Uniswap,UNI,18,13.22251243800214,CRYPTO
64f52821a0c356541eadbfa4,1,0xD533a949740bb3306d119CC777fa900bA034cd52,1_0xD533a949740bb3306d119CC777fa900bA034cd52,Curve DAO Token,CRV,18,0.8173559091232967,CRYPTO
64f52821a0c356541eadbfa5,1,0x3845badAde8e6dFF049820680d1F14bD3903a5d0,1_0x3845badAde8e6dFF049820680d1F14bD3903a5d0,SAND,SAND,18,0.5753634143754925,CRYPTO
64f52821a0c356541eadbfa6,1,0x95aD61b0a150d79219dCF64E1E6Cc01f0B64C4cE,1_0x95aD61b0a150d79219dCF64E1E6Cc01f0B64C4cE,SHIBA INU,SHIB,18,0.0000212910024488402,CRYPTO
64f52821a0c356541eadbfa7,1,0xc944E90C64B2c07662A292be6244BDf05Cda44a7,1_0xc944E90C64B2c07662A292be6244BDf05Cda44a7,Graph Token,GRT,18,0.205169864623968,CRYPTO
64f52821a0c356541eadbfa8,1,0xC581b735A1688071A1746c968e0798D642EDE491,1_0xC581b735A1688071A1746c968e0798D642EDE491,Euro Tether,EURT,6,1.02960688258624,CRYPTO
64f52821a0c356541eadbfa9,1,0xae7ab96520DE3A18E5e111B5EaAb095312D7fE84,1_0xae7ab96520DE3A18E5e111B5EaAb095312D7fE84,Liquid staked Ether 2.0,stETH,18,3243.5180907955,INVESTMENT
64f52821a0c356541eadbfaa,1,0x9f8F72aA9304c8B593d555F12eF6589cC3A579A2,1_0x9f8F72aA9304c8B593d555F12eF6589cC3A579A2,Maker,MKR,18,1460.951218378728,CRYPTO
64f52821a0c356541eadbfab,1,0x6982508145454Ce325dDbE47a25d4ec3d2311933,1_0x6982508145454Ce325dDbE47a25d4ec3d2311933,Pepe,PEPE,18,0.0000172512703870914,CRYPTO
64f52821a0c356541eadbfac,1,0xc00e94Cb662C3520282E6f5717214004A7f26888,1_0xc00e94Cb662C3520282E6f5717214004A7f26888,Compound,COMP,18,72.15870672278606,CRYPTO
64f52821a0c356541eadbfad,1,0x6810e776880C02933D47DB1b9fc05908e5386b96,1_0x6810e776880C02933D47DB1b9fc05908e5386b96,Gnosis Token,GNO,18,248.1659251959407,CRYPTO
64f52821a0c356541eadbfae,1,0x5A98FcBEA516Cf06857215779Fd812CA3beF1B32,1_0x5A98FcBEA516Cf06857215779Fd812CA3beF1B32,Lido DAO Token,LDO,18,1.618485303222039,CRYPTO
64f52821a0c356541eadbfaf,1,0x1aBaEA1f7C830bD89Acc67eC4af516284b1bC33c,1_0x1aBaEA1f7C830bD89Acc67eC4af516284b1bC33c,Euro Coin,EUROC,6,1.028108131942099,CRYPTO
64f52821a0c356541eadbfb0,1,0xBe9895146f7AF43049ca1c1AE358B0541Ea49704,1_0xBe9895146f7AF43049ca1c1AE358B0541Ea49704,Coinbase Wrapped Staked ETH,cbETH,18,3523.32259272882,CRYPTO
64f52821a0c356541eadbfb1,1,0x9ee91F9f426fA633d227f7a9b000E28b9dfd8599,1_0x9ee91F9f426fA633d227f7a9b000E28b9dfd8599,Staked MATIC,stMATIC,18,0.518384539055236,INVESTMENT
64f52821a0c356541eadbfb2,10,0x0000000000000000000000000000000000000000,10_0x0000000000000000000000000000000000000000,ETH,ETH,18,3247.375871512513,NATIVE
64f52821a0c356541eadbfb3,10,0x4200000000000000000000000000000000000006,10_0x4200000000000000000000000000000000000006,WETH,WETH,18,3238.912175790329,wETH
64f52821a0c356541eadbfb4,10,0x7F5c764cBc14f9669B88837ca1490cCa17c31607,10_0x7F5c764cBc14f9669B88837ca1490cCa17c31607,USD Coin,USDC.e,6,0.9999790189591575,STABLE
64f52821a0c356541eadbfb5,10,0x94b008aA00579c1307B0EF2c499aD98a8ce58e58,10_0x94b008aA00579c1307B0EF2c499aD98a8ce58e58,USDT,USDT,6,0.999887086274799,STABLE
64f52821a0c356541eadbfb6,10,0xDA10009cBd5D07dd0CeCc66161FC93D7c9000da1,10_0xDA10009cBd5D07dd0CeCc66161FC93D7c9000da1,DAI Stablecoin,DAI,18,1.000121500549585,STABLE
64f52821a0c356541eadbfb7,10,0x68f180fcCe6836688e9084f035309E29Bf0A2095,10_0x68f180fcCe6836688e9084f035309E29Bf0A2095,WBTC,WBTC,8,93202.09845464413,wNATIVE
64f52821a0c356541eadbfb8,10,0x3eaEb77b03dBc0F6321AE1b72b2E9aDb0F60112B,10_0x3eaEb77b03dBc0F6321AE1b72b2E9aDb0F60112B,SushiToken,SUSHI,18,1.455062053709952,CRYPTO
64f52821a0c356541eadbfb9,10,0x9C9e5fD8bbc25984B178FdCE6117Defa39d2db39,10_0x9C9e5fD8bbc25984B178FdCE6117Defa39d2db39,BUSD,BUSD,18,1.00059109380255,STABLE
64f52821a0c356541eadbfba,10,0xba1Cf949c382A32a09A17B2AdF3587fc7fA664f1,10_0xba1Cf949c382A32a09A17B2AdF3587fc7fA664f1,Wrapped SOL,SOL,9,188.3485964881368,wNATIVE
64f52821a0c356541eadbfbb,10,0x296F55F8Fb28E498B858d0BcDA06D955B2Cb3f97,10_0x296F55F8Fb28E498B858d0BcDA06D955B2Cb3f97,StargateToken,STG,18,0.412629748937109,CRYPTO
64f52821a0c356541eadbfbc,10,0x4200000000000000000000000000000000000042,10_0x4200000000000000000000000000000000000042,Optimism,OP,18,1.769545116688592,CRYPTO
64f52821a0c356541eadbfbd,10,0xC1c167CC44f7923cd0062c4370Df962f9DDB16f5,10_0xC1c167CC44f7923cd0062c4370Df962f9DDB16f5,Pepe,PEPE,18,0.0000172512703870914,CRYPTO
64f52821a0c356541eadbfbe,10,0xcB59a0A753fDB7491d5F3D794316F1adE197B21E,10_0xcB59a0A753fDB7491d5F3D794316F1adE197B21E,TrueUSD,TUSD,18,0.9999809183690074,STABLE
64f52821a0c356541eadbfbf,10,0x76FB31fb4af56892A25e32cFC43De717950c9278,10_0x76FB31fb4af56892A25e32cFC43De717950c9278,Aave Token,AAVE,18,287.2433543369052,CRYPTO
64f52821a0c356541eadbfc0,10,0x2E3D870790dC77A83DD1d18184Acc7439A53f475,10_0x2E3D870790dC77A83DD1d18184Acc7439A53f475,Frax,FRAX,18,0.995774631812809,STABLE
64f52821a0c356541eadbfc1,10,0x0994206dfE8De6Ec6920FF4D779B0d950605Fb53,10_0x0994206dfE8De6Ec6920FF4D779B0d950605Fb53,Curve DAO Token,CRV,18,0.8173559091232967,CRYPTO
64f52821a0c356541eadbfc2,10,0xadDb6A0412DE1BA0F936DCaeb8Aaa24578dcF3B2,10_0xadDb6A0412DE1BA0F936DCaeb8Aaa24578dcF3B2,Coinbase Wrapped Staked ETH,cbETH,18,3523.32259272882,CRYPTO
64f52821a0c356541eadbfc3,10,0x350a791Bfc2C21F9Ed5d10980Dad2e2638ffa7f6,10_0x350a791Bfc2C21F9Ed5d10980Dad2e2638ffa7f6,ChainLink Token,LINK,18,19.88908218531716,CRYPTO
64f52821a0c356541eadbfc4,10,0xab7bAdEF82E9Fe11f6f33f87BC9bC2AA27F2fCB5,10_0xab7bAdEF82E9Fe11f6f33f87BC9bC2AA27F2fCB5,Maker,MKR,18,1460.951218378728,CRYPTO
64f52821a0c356541eadbfc5,10,0x7113370218f31764C1B6353BDF6004d86fF6B9cc,10_0x7113370218f31764C1B6353BDF6004d86fF6B9cc,Decentralized USD,USDD,18,0.9962762847807779,STABLE
64f52821a0c356541eadbfc6,10,0x6fd9d7AD17242c41f7131d257212c54A0e816691,10_0x6fd9d7AD17242c41f7131d257212c54A0e816691,Uniswap,UNI,18,13.22251243800214,CRYPTO
64f52821a0c356541eadbfc7,10,0xFE8B128bA8C78aabC59d4c64cEE7fF28e9379921,10_0xFE8B128bA8C78aabC59d4c64cEE7fF28e9379921,Balancer,BAL,18,2.456145391561386,CRYPTO
64f52821a0c356541eadbfc8,10,0xFdb794692724153d1488CcdBE0C56c252596735F,10_0xFdb794692724153d1488CcdBE0C56c252596735F,Lido DAO Token,LDO,18,1.618485303222039,CRYPTO
64f52821a0c356541eadbfc9,10,0x1F32b1c2345538c0c6f582fCB022739c4A194Ebb,10_0x1F32b1c2345538c0c6f582fCB022739c4A194Ebb,Wrapped liquid staked Ether 2.0,wstETH,18,3853.516696824753,CRYPTO
64f52821a0c356541eadbfca,10,0xb1aE0a34DC3976d98C1741C92b798dAF8E0e1e11,10_0xb1aE0a34DC3976d98C1741C92b798dAF8E0e1e11,TRON,TRX,6,0.2408054155778556,wNATIVE
64f52821a0c356541eadbfcb,137,0x0000000000000000000000000000000000000000,137_0x0000000000000000000000000000000000000000,Polygon Ecosystem Token,POL,18,0.4508908784369783,NATIVE
64f52821a0c356541eadbfcc,137,0x0d500B1d8E8eF31E21C99d1Db9A6444d3ADf1270,137_0x0d500B1d8E8eF31E21C99d1Db9A6444d3ADf1270,Wrapped Matic,WMATIC,18,0.4508789868104134,wETH
64f52821a0c356541eadbfcd,137,0x2791Bca1f2de4661ED88A30C99A7a9449Aa84174,137_0x2791Bca1f2de4661ED88A30C99A7a9449Aa84174,USD Coin,USDC.e,6,0.9999790189591575,STABLE
64f52821a0c356541eadbfce,137,0xc2132D05D31c914a87C6611C10748AEb04B58e8F,137_0xc2132D05D31c914a87C6611C10748AEb04B58e8F,USDT,USDT,6,0.999887086274799,STABLE
64f52821a0c356541eadbfcf,137,0x7ceB23fD6bC0adD59E62ac25578270cFf1b9f619,137_0x7ceB23fD6bC0adD59E62ac25578270cFf1b9f619,ETH,WETH,18,3238.912175790329,wNATIVE
64f52821a0c356541eadbfd0,137,0x8f3Cf7ad23Cd3CaDbD9735AFf958023239c6A063,137_0x8f3Cf7ad23Cd3CaDbD9735AFf958023239c6A063,(PoS) DAI Stablecoin,DAI,18,1.000121500549585,STABLE
64f52821a0c356541eadbfd1,137,0x1BFD67037B42Cf73acF2047067bd4F2C47D9BfD6,137_0x1BFD67037B42Cf73acF2047067bd4F2C47D9BfD6,WBTC,WBTC,8,93202.09845464413,wNATIVE
64f52821a0c356541eadbfd2,137,0x0b3F868E0BE5597D5DB7fEB59E1CADBb0fdDa50a,137_0x0b3F868E0BE5597D5DB7fEB59E1CADBb0fdDa50a,SUSHI,SUSHI,18,1.455062053709952,CRYPTO
64f52821a0c356541eadbfd3,137,0x9C9e5fD8bbc25984B178FdCE6117Defa39d2db39,137_0x9C9e5fD8bbc25984B178FdCE6117Defa39d2db39,BUSD,BUSD,18,1.00059109380255,STABLE
64f52821a0c356541eadbfd4,137,0xA649325Aa7C5093d12D6F98EB4378deAe68CE23F,137_0xA649325Aa7C5093d12D6F98EB4378deAe68CE23F,BNB,BNB,18,688.0567962681292,wNATIVE
64f52821a0c356541eadbfd5,137,0xd93f7E271cB87c23AaA73edC008A79646d1F9912,137_0xd93f7E271cB87c23AaA73edC008A79646d1F9912,Wrapped SOL (Wormhole),SOL,9,188.3485964881368,wNATIVE
64f52821a0c356541eadbfd6,137,0xC3C7d422809852031b44ab29EEC9F1EfF2A58756,137_0xC3C7d422809852031b44ab29EEC9F1EfF2A58756,Lido DAO Token (PoS),LDO,18,1.618485303222039,CRYPTO
64f52821a0c356541eadbfd7,137,0x3537024Ec79AA80d283a6E92c089bC486be4342b,137_0x3537024Ec79AA80d283a6E92c089bC486be4342b,PEPE,PEPE,18,0.0000172512703870914,CRYPTO
64f52821a0c356541eadbfd8,137,0x3A58a54C066FdC0f2D55FC9C89F0415C92eBf3C4,137_0x3A58a54C066FdC0f2D55FC9C89F0415C92eBf3C4,Staked MATIC (PoS),stMATIC,18,0.518384539055236,CRYPTO
64f52821a0c356541eadbfd9,137,0x172370d5Cd63279eFa6d502DAB29171933a610AF,137_0x172370d5Cd63279eFa6d502DAB29171933a610AF,CRV (PoS),CRV,18,0.8173559091232967,CRYPTO
64f52821a0c356541eadbfda,137,0x5fe2B58c013d7601147DcdD68C143A77499f5531,137_0x5fe2B58c013d7601147DcdD68C143A77499f5531,Graph Token (PoS),GRT,18,0.205169864623968,CRYPTO
64f52821a0c356541eadbfdb,137,0x104592a158490a9228070E0A8e5343B499e125D0,137_0x104592a158490a9228070E0A8e5343B499e125D0,Frax (PoS),FRAX,18,0.995774631812809,STABLE
64f52821a0c356541eadbfdc,137,0xBbba073C31bF03b8ACf7c28EF0738DeCF3695683,137_0xBbba073C31bF03b8ACf7c28EF0738DeCF3695683,SAND,SAND,18,0.5753634143754925,CRYPTO
64f52821a0c356541eadbfdd,137,0x9a71012B13CA4d3D0Cdc72A177DF3ef03b0E76A3,137_0x9a71012B13CA4d3D0Cdc72A177DF3ef03b0E76A3,Balancer (PoS),BAL,18,2.456145391561386,CRYPTO
64f52821a0c356541eadbfde,137,0x2F6F07CDcf3588944Bf4C42aC74ff24bF56e7590,137_0x2F6F07CDcf3588944Bf4C42aC74ff24bF56e7590,StargateToken,STG,18,0.412629748937109,CRYPTO
64f52821a0c356541eadbfdf,137,0xb33EaAd8d922B1083446DC23f610c2567fB5180f,137_0xb33EaAd8d922B1083446DC23f610c2567fB5180f,Uniswap (PoS),UNI,18,13.22251243800214,CRYPTO
64f52821a0c356541eadbfe0,137,0x53E0bca35eC356BD5ddDFebbD1Fc0fD03FaBad39,137_0x53E0bca35eC356BD5ddDFebbD1Fc0fD03FaBad39,ChainLink Token,LINK,18,19.88908218531716,CRYPTO
64f52821a0c356541eadbfe1,137,0x45c32fA6DF82ead1e2EF74d17b76547EDdFaFF89,137_0x45c32fA6DF82ead1e2EF74d17b76547EDdFaFF89,Frax,FRAX,18,0.995774631812809,STABLE
64f52821a0c356541eadbfe2,137,0xD6DF932A45C0f255f85145f286eA0b292B21C90B,137_0xD6DF932A45C0f255f85145f286eA0b292B21C90B,Aave (PoS),AAVE,18,287.2433543369052,CRYPTO
64f52821a0c356541eadbfe3,137,0x2e1AD108fF1D8C782fcBbB89AAd783aC49586756,137_0x2e1AD108fF1D8C782fcBbB89AAd783aC49586756,TrueUSD (PoS),TUSD,18,0.9999809183690074,STABLE
64f52821a0c356541eadbfe4,137,0x6f7C932e7684666C9fd1d44527765433e01fF61d,137_0x6f7C932e7684666C9fd1d44527765433e01fF61d,MAKER (PoS),MKR,18,1460.951218378728,CRYPTO
64f52821a0c356541eadbfe5,137,0x8505b9d2254A7Ae468c0E9dd10Ccea3A837aef5c,137_0x8505b9d2254A7Ae468c0E9dd10Ccea3A837aef5c,(PoS) Compound,COMP,18,72.15870672278606,CRYPTO
64f52821a0c356541eadbfe6,56,0x0000000000000000000000000000000000000000,56_0x0000000000000000000000000000000000000000,BNB,BNB,18,688.0567962681292,NATIVE
64f52821a0c356541eadbfe7,56,0xbb4CdB9CBd36B01bD1cBaEBF2De08d9173bc095c,56_0xbb4CdB9CBd36B01bD1cBaEBF2De08d9173bc095c,Wrapped BNB,WBNB,18,687.867262555621,wETH
64f52821a0c356541eadbfe8,56,0x8AC76a51cc950d9822D68b83fE1Ad97B32Cd580d,56_0x8AC76a51cc950d9822D68b83fE1Ad97B32Cd580d,USD Coin,USDC,18,0.9999790189591575,STABLE
64f52821a0c356541eadbfe9,56,0x55d398326f99059fF775485246999027B3197955,56_0x55d398326f99059fF775485246999027B3197955,USDT,USDT,18,0.999887086274799,STABLE
64f52821a0c356541eadbfea,56,0x2170Ed0880ac9A755fd29B2688956BD959F933F8,56_0x2170Ed0880ac9A755fd29B2688956BD959F933F8,ETH,WETH,18,3238.912175790329,wNATIVE
64f52821a0c356541eadbfeb,56,0x1AF3F329e8BE154074D8769D1FFa4eE058B1DBc3,56_0x1AF3F329e8BE154074D8769D1FFa4eE058B1DBc3,DAI Stablecoin,DAI,18,1.000121500549585,STABLE
64f52821a0c356541eadbfec,56,0x947950BcC74888a40Ffa2593C5798F11Fc9124C4,56_0x947950BcC74888a40Ffa2593C5798F11Fc9124C4,SUSHI,SUSHI,18,1.455062053709952,CRYPTO
64f52821a0c356541eadbfed,56,0xe9e7CEA3DedcA5984780Bafc599bD69ADd087D56,56_0xe9e7CEA3DedcA5984780Bafc599bD69ADd087D56,BUSD,BUSD,18,1.00059109380255,STABLE
64f52821a0c356541eadbfee,56,0xCC42724C6683B7E57334c4E856f4c9965ED682bD,56_0xCC42724C6683B7E57334c4E856f4c9965ED682bD,Matic Token,MATIC,18,0.4508908784369783,wNATIVE
64f52821a0c356541eadbfef,56,0x570A5D26f7765Ecb712C0924E4De545B89fD43dF,56_0x570A5D26f7765Ecb712C0924E4De545B89fD43dF,SOLANA,SOL,18,188.3485964881368,wNATIVE
64f52821a0c356541eadbff0,56,0x40af3827F39D0EAcBF4A168f8D4ee67c121D11c9,56_0x40af3827F39D0EAcBF4A168f8D4ee67c121D11c9,TrueUSD,TUSD,18,0.9999809183690074,STABLE
64f52821a0c356541eadbff1,56,0xF8A0BF9cF54Bb92F17374d9e9A321E6a111a51bD,56_0xF8A0BF9cF54Bb92F17374d9e9A321E6a111a51bD,ChainLink Token,LINK,18,19.88908218531716,CRYPTO
64f52821a0c356541eadbff2,56,0x170C84E3b1D282f9628229836086716141995200,56_0x170C84E3b1D282f9628229836086716141995200,Optimism,OP,18,1.769545116688592,CRYPTO
64f52821a0c356541eadbff3,56,0xfb6115445Bff7b52FeB98650C87f44907E58f802,56_0xfb6115445Bff7b52FeB98650C87f44907E58f802,Aave Token,AAVE,18,287.2433543369052,CRYPTO
64f52821a0c356541eadbff4,56,0xd17479997F34dd9156Deef8F95A52D81D265be9c,56_0xd17479997F34dd9156Deef8F95A52D81D265be9c,Decentralized USD,USDD,18,0.9962762847807779,STABLE
64f52821a0c356541eadbff5,56,0x0D8Ce2A99Bb6e3B7Db580eD848240e4a0F9aE153,56_0x0D8Ce2A99Bb6e3B7Db580eD848240e4a0F9aE153,Filecoin,FIL,18,5.070800121519762,CRYPTO
64f52821a0c356541eadbff6,56,0x67b725d7e342d7B611fa85e859Df9697D9378B2e,56_0x67b725d7e342d7B611fa85e859Df9697D9378B2e,The Sandbox,SAND,18,0.5753634143754925,CRYPTO
64f52821a0c356541eadbff7,56,0xbA2aE424d960c26247Dd6c32edC70B295c744C43,56_0xbA2aE424d960c26247Dd6c32edC70B295c744C43,Dogecoin,DOGE,8,0.3263638384803358,CRYPTO
64f52821a0c356541eadbff8,56,0xCB949dd56eB78208547BA5b32dFBE59D7A350c6E,56_0xCB949dd56eB78208547BA5b32dFBE59D7A350c6E,Gnosis,GNO,18,248.1659251959407,CRYPTO
64f52821a0c356541eadbff9,56,0x85EAC5Ac2F758618dFa09bDbe0cf174e7d574D5B,56_0x85EAC5Ac2F758618dFa09bDbe0cf174e7d574D5B,TRON,TRX,18,0.2408054155778556,wNATIVE
64f52821a0c356541eadbffa,56,0xB0D502E938ed5f4df2E681fE6E419ff29631d62b,56_0xB0D502E938ed5f4df2E681fE6E419ff29631d62b,StargateToken,STG,18,0.412629748937109,CRYPTO
64f52821a0c356541eadbffb,56,0x0E09FaBB73Bd3Ade0a17ECC321fD13a19e81cE82,56_0x0E09FaBB73Bd3Ade0a17ECC321fD13a19e81cE82,PancakeSwap Token,Cake,18,2.308006155913864,CRYPTO
64f52821a0c356541eadbffc,56,0x1D2F0da169ceB9fC7B3144628dB156f3F6c60dBE,56_0x1D2F0da169ceB9fC7B3144628dB156f3F6c60dBE,XRP Token,XRP,18,2.281258824498279,CRYPTO
64f52821a0c356541eadbffd,56,0xBf5140A22578168FD562DCcF235E5D43A02ce9B1,56_0xBf5140A22578168FD562DCcF235E5D43A02ce9B1,Uniswap,UNI,18,13.22251243800214,CRYPTO
64f52821a0c356541eadbffe,56,0x111111111117dC0aa78b770fA6A738034120C302,56_0x111111111117dC0aa78b770fA6A738034120C302,1INCH Token,1INCH,18,0.3817895029614423,CRYPTO
64f52821a0c356541eadbfff,56,0x90C97F71E18723b0Cf0dfa30ee176Ab653E89F40,56_0x90C97F71E18723b0Cf0dfa30ee176Ab653E89F40,Frax,FRAX,18,0.995774631812809,STABLE
64f52821a0c356541eadc000,56,0x52CE071Bd9b1C4B00A0b92D298c512478CaD67e8,56_0x52CE071Bd9b1C4B00A0b92D298c512478CaD67e8,Compound Coin,COMP,18,72.15870672278606,CRYPTO
64f52821a0c356541eadc001,56,0x2859e4544C4bB03966803b044A93563Bd2D0DD4D,56_0x2859e4544C4bB03966803b044A93563Bd2D0DD4D,SHIBA INU,SHIB,18,0.0000212910024488402,CRYPTO
64f52821a0c356541eadc002,56,0x25d887Ce7a35172C62FeBFD67a1856F20FaEbB00,56_0x25d887Ce7a35172C62FeBFD67a1856F20FaEbB00,Pepe,PEPE,18,0.0000172512703870914,CRYPTO
64f52821a0c356541eadc003,42161,0x0000000000000000000000000000000000000000,42161_0x0000000000000000000000000000000000000000,ETH,ETH,18,3247.375871512513,NATIVE
64f52821a0c356541eadc004,42161,0x82aF49447D8a07e3bd95BD0d56f35241523fBab1,42161_0x82aF49447D8a07e3bd95BD0d56f35241523fBab1,WETH,WETH,18,3238.912175790329,wETH
64f52821a0c356541eadc005,42161,0xaf88d065e77c8cC2239327C5EDb3A432268e5831,42161_0xaf88d065e77c8cC2239327C5EDb3A432268e5831,USD Coin,USDC,6,0.9999790189591575,STABLE
64f52821a0c356541eadc006,42161,0xFd086bC7CD5C481DCC9C85ebE478A1C0b69FCbb9,42161_0xFd086bC7CD5C481DCC9C85ebE478A1C0b69FCbb9,USDT,USDT,6,0.999887086274799,STABLE
64f52821a0c356541eadc007,42161,0xDA10009cBd5D07dd0CeCc66161FC93D7c9000da1,42161_0xDA10009cBd5D07dd0CeCc66161FC93D7c9000da1,DAI Stablecoin,DAI,18,1.000121500549585,STABLE
64f52821a0c356541eadc008,42161,0xd4d42F0b6DEF4CE0383636770eF773390d85c61A,42161_0xd4d42F0b6DEF4CE0383636770eF773390d85c61A,SUSHI,SUSHI,18,1.455062053709952,CRYPTO
64f52821a0c356541eadc009,42161,0x561877b6b3DD7651313794e5F2894B2F18bE0766,42161_0x561877b6b3DD7651313794e5F2894B2F18bE0766,Matic Token,MATIC,18,0.4508908784369783,wNATIVE
64f52821a0c356541eadc00a,42161,0x11cDb42B0EB46D95f990BeDD4695A6e3fA034978,42161_0x11cDb42B0EB46D95f990BeDD4695A6e3fA034978,Curve DAO Token,CRV,18,0.8173559091232967,CRYPTO
64f52821a0c356541eadc00b,42161,0xA54B8e178A49F8e5405A4d44Bb31F496e5564A05,42161_0xA54B8e178A49F8e5405A4d44Bb31F496e5564A05,Pepe,PEPE,18,0.0000172512703870914,CRYPTO
64f52821a0c356541eadc00c,42161,0x6694340fc020c5E6B96567843da2df01b2CE1eb6,42161_0x6694340fc020c5E6B96567843da2df01b2CE1eb6,StargateToken,STG,18,0.412629748937109,CRYPTO
64f52821a0c356541eadc00d,42161,0x912CE59144191C1204E64559FE8253a0e49E6548,42161_0x912CE59144191C1204E64559FE8253a0e49E6548,Arbitrum,ARB,18,0.7497269795204458,CRYPTO
64f52821a0c356541eadc00e,42161,0x17FC002b466eEc40DaE837Fc4bE5c67993ddBd6F,42161_0x17FC002b466eEc40DaE837Fc4bE5c67993ddBd6F,Frax,FRAX,18,0.995774631812809,STABLE
64f52821a0c356541eadc00f,42161,0xf97f4df75117a78c1A5a0DBb814Af92458539FB4,42161_0xf97f4df75117a78c1A5a0DBb814Af92458539FB4,ChainLink Token,LINK,18,19.88908218531716,CRYPTO
64f52821a0c356541eadc010,42161,0x9623063377AD1B27544C965cCd7342f7EA7e88C7,42161_0x9623063377AD1B27544C965cCd7342f7EA7e88C7,Old Graph Token,GRT,18,0.205169864623968,CRYPTO
64f52821a0c356541eadc011,42161,0x1DEBd73E752bEaF79865Fd6446b0c970EaE7732f,42161_0x1DEBd73E752bEaF79865Fd6446b0c970EaE7732f,Coinbase Wrapped Staked ETH,cbETH,18,3523.32259272882,CRYPTO
64f52821a0c356541eadc012,42161,0x23A941036Ae778Ac51Ab04CEa08Ed6e2FE103614,42161_0x23A941036Ae778Ac51Ab04CEa08Ed6e2FE103614,Graph Token,OLD_GRT,18,0.205169864623968,CRYPTO
64f52821a0c356541eadc013,42161,0x354A6dA3fcde098F8389cad84b0182725c6C91dE,42161_0x354A6dA3fcde098F8389cad84b0182725c6C91dE,Compound,COMP,18,72.15870672278606,CRYPTO
64f52821a0c356541eadc014,42161,0xa0b862F60edEf4452F25B4160F177db44DeB6Cf1,42161_0xa0b862F60edEf4452F25B4160F177db44DeB6Cf1,Gnosis Token,GNO,18,248.1659251959407,CRYPTO
64f52821a0c356541eadc015,42161,0xfc5A1A6EB076a2C7aD06eD22C90d7E710E35ad0a,42161_0xfc5A1A6EB076a2C7aD06eD22C90d7E710E35ad0a,GMX,GMX,18,23.88990666344405,CRYPTO
64f52821a0c356541eadc016,42161,0x5979D7b546E38E414F7E9822514be443A4800529,42161_0x5979D7b546E38E414F7E9822514be443A4800529,Wrapped liquid staked Ether 2.0,wstETH,18,3853.516696824753,CRYPTO
64f52821a0c356541eadc017,42161,0x13Ad51ed4F1B7e9Dc168d8a00cB3f4dDD85EfA60,42161_0x13Ad51ed4F1B7e9Dc168d8a00cB3f4dDD85EfA60,Lido DAO Token,LDO,18,1.618485303222039,CRYPTO
64f52821a0c356541eadc018,42161,0xFa7F8980b0f1E64A2062791cc3b0871572f1F7f0,42161_0xFa7F8980b0f1E64A2062791cc3b0871572f1F7f0,Uniswap,UNI,18,13.22251243800214,CRYPTO
64f52821a0c356541eadc019,42161,0xba5DdD1f9d7F570dc94a51479a000E3BCE967196,42161_0xba5DdD1f9d7F570dc94a51479a000E3BCE967196,Aave Token,AAVE,18,287.2433543369052,CRYPTO
64f52821a0c356541eadc01a,42161,0x040d1EdC9569d4Bab2D15287Dc5A4F10F56a56B8,42161_0x040d1EdC9569d4Bab2D15287Dc5A4F10F56a56B8,Balancer,BAL,18,2.456145391561386,CRYPTO
64f52821a0c356541eadc01b,42161,0x2e9a6Df78E42a30712c10a9Dc4b1C8656f8F2879,42161_0x2e9a6Df78E42a30712c10a9Dc4b1C8656f8F2879,4d616b6572000000000000000000000000000000000000000000000000000000,MKR,18,1460.951218378728,CRYPTO
64f52821a0c356541eadc01c,42161,0x2f2a2543B76A4166549F7aaB2e75Bef0aefC5B0f,42161_0x2f2a2543B76A4166549F7aaB2e75Bef0aefC5B0f,Wrapped BTC,WBTC,8,93202.09845464413,wNATIVE
64f52821a0c356541eadc01d,42161,0x1b896893dfc86bb67Cf57767298b9073D2c1bA2c,42161_0x1b896893dfc86bb67Cf57767298b9073D2c1bA2c,Pancakeswap Token,Cake,18,2.308006155913864,CRYPTO
64f52821a0c356541eadc01e,42161,0xFF970A61A04b1cA14834A43f5dE4533eBDDB5CC8,42161_0xFF970A61A04b1cA14834A43f5dE4533eBDDB5CC8,Bridged USD Coin,USDC.e,6,0.99997268981172,STABLE
64f52821a0c356541eadc01f,8453,0x0000000000000000000000000000000000000000,8453_0x0000000000000000000000000000000000000000,BASE Ethereum,ETH,18,3247.375871512513,NATIVE
64f52821a0c356541eadc020,8453,0xd9aAEc86B65D86f6A7B5B1b0c42FFA531710b6CA,8453_0xd9aAEc86B65D86f6A7B5B1b0c42FFA531710b6CA,USD Base Coin,USDbC,6,0.9980384168556563,STABLE
64f52821a0c356541eadc021,8453,0x50c5725949A6F0c72E6C4a641F24049A917DB0Cb,8453_0x50c5725949A6F0c72E6C4a641F24049A917DB0Cb,Dai Stablecoin,DAI,18,1.000121500549585,STABLE
64f52821a0c356541eadc022,8453,0x4200000000000000000000000000000000000006,8453_0x4200000000000000000000000000000000000006,Wrapped ETH,WETH,18,3238.912175790329,wETH
651f6fbec72049191fc75b27,59144,0x0000000000000000000000000000000000000000,59144_0x0000000000000000000000000000000000000000,Linea ETH,ETH,18,3247.375871512513,NATIVE
651f6fbec72049191fc75b28,59144,0xe5D7C2a44FfDDf6b295A15c148167daaAf5Cf34f,59144_0xe5D7C2a44FfDDf6b295A15c148167daaAf5Cf34f,Wrapped ETH,WETH,18,3238.912175790329,wETH
651f6fbec72049191fc75b29,59144,0x3aAB2285ddcDdaD8edf438C1bAB47e1a9D05a9b4,59144_0x3aAB2285ddcDdaD8edf438C1bAB47e1a9D05a9b4,Wrapped BTC,WBTC,8,93202.09845464413,wNATIVE
651f6fbec72049191fc75b2a,59144,0x176211869cA2b568f2A7D4EE941E073a821EE1ff,59144_0x176211869cA2b568f2A7D4EE941E073a821EE1ff,USD//C,USDC,6,0.9999790189591575,STABLE
651f6fbec72049191fc75b2b,59144,0xA219439258ca9da29E9Cc4cE5596924745e12B93,59144_0xA219439258ca9da29E9Cc4cE5596924745e12B93,Tether USD,USDT,6,0.999887086274799,STABLE
651f6fbec72049191fc75b2c,59144,0x4AF15ec2A0BD43Db75dd04E62FAA3B8EF36b00d5,59144_0x4AF15ec2A0BD43Db75dd04E62FAA3B8EF36b00d5,DAI Stablecoin,DAI,18,1.000121500549585,STABLE
651f6fbec72049191fc75b2d,59144,0x0D1E753a25eBda689453309112904807625bEFBe,59144_0x0D1E753a25eBda689453309112904807625bEFBe,PancakeSwap Token,Cake,18,2.308006155913864,CRYPTO
652cbd4bd2c7a36dde579de3,8453,0x3055913c90Fcc1A6CE9a358911721eEb942013A1,8453_0x3055913c90Fcc1A6CE9a358911721eEb942013A1,PancakeSwap Token,Cake,18,2.308006155913864,CRYPTO
65478f26d659d4c581994f19,59144,0xcc22F6AA610D1b2a0e89EF228079cB3e1831b1D1,59144_0xcc22F6AA610D1b2a0e89EF228079cB3e1831b1D1,Linea Velocore,LVC,18,0.00933456,CRYPTO
65478f26d659d4c581994f1a,59144,0xAeC06345b26451bdA999d83b361BEaaD6eA93F87,59144_0xAeC06345b26451bdA999d83b361BEaaD6eA93F87,Locked LVC,veLVC,18,0.00933456,CRYPTO
656dc4b400e616631bab3ee1,59144,0x808d7c71ad2ba3FA531b068a2417C63106BC0949,59144_0x808d7c71ad2ba3FA531b068a2417C63106BC0949,StargateToken,STG,18,0.412629748937109,CRYPTO
656dc4ba00e616631bab3ee7,8453,0xE3B53AF74a4BF62Ae5511055290838050bf764Df,8453_0xE3B53AF74a4BF62Ae5511055290838050bf764Df,StargateToken,STG,18,0.412629748937109,CRYPTO
65720b4899cdbcb7290bb188,59144,0xB5beDd42000b71FddE22D3eE8a79Bd49A568fC8F,59144_0xB5beDd42000b71FddE22D3eE8a79Bd49A568fC8F,Wrapped stETH,wstETH,18,3853.516696824753,CRYPTO
65853d1abd47360ab6e50028,59144,0x43E8809ea748EFf3204ee01F08872F063e44065f,59144_0x43E8809ea748EFf3204ee01F08872F063e44065f,Mendi Finance,MENDI,18,0.0367442,CRYPTO
65dc24cfb509fe44d833107b,324,0x0000000000000000000000000000000000000000,324_0x0000000000000000000000000000000000000000,ETH,ETH,18,3247.375871512513,NATIVE
65dc24cfb509fe44d833107c,324,0x5AEa5775959fBC2557Cc8789bC1bf90A239D9a91,324_0x5AEa5775959fBC2557Cc8789bC1bf90A239D9a91,Wrapped ETH,WETH,18,3238.912175790329,wETH
65dc24cfb509fe44d833107d,324,0x3355df6D4c9C3035724Fd0e3914dE96A5a83aaf4,324_0x3355df6D4c9C3035724Fd0e3914dE96A5a83aaf4,USD Coin,USDC.e,6,0.9999790189591575,STABLE
65dc24cfb509fe44d833107e,324,0x493257fD37EDB34451f62EDf8D2a0C418852bA4C,324_0x493257fD37EDB34451f62EDf8D2a0C418852bA4C,Tether USD,USDT,6,0.999887086274799,STABLE
65dc24cfb509fe44d833107f,324,0x2039bb4116B4EFc145Ec4f0e2eA75012D6C0f181,324_0x2039bb4116B4EFc145Ec4f0e2eA75012D6C0f181,Binance USD,ceBUSD,18,0.999518,CRYPTO
65dc24cfb509fe44d8331080,324,0xBBeB516fb02a01611cBBE0453Fe3c580D7281011,324_0xBBeB516fb02a01611cBBE0453Fe3c580D7281011,Wrapped BTC,WBTC,8,93202.09845464413,wNATIVE
65dc24cfb509fe44d8331081,324,0x99bBE51be7cCe6C8b84883148fD3D12aCe5787F2,324_0x99bBE51be7cCe6C8b84883148fD3D12aCe5787F2,Velocore,VC,18,0.004144046587876591,CRYPTO
65dc24cfb509fe44d8331082,324,0x3cD3e41fF4B95a8DdC915F3c7615AB6f2B478c33,324_0x3cD3e41fF4B95a8DdC915F3c7615AB6f2B478c33,Locked VC,veVC,18,0.004144046587876591,CRYPTO
6627b934c6428062e9a988a5,534352,0x0000000000000000000000000000000000000000,534352_0x0000000000000000000000000000000000000000,Ethereum,ETH,18,3247.375871512513,NATIVE
6627b934c6428062e9a988a6,534352,0x06eFdBFf2a14a7c8E15944D1F4A48F9F95F663A4,534352_0x06eFdBFf2a14a7c8E15944D1F4A48F9F95F663A4,USDC,USDC,6,0.9999790189591575,STABLE
6627b934c6428062e9a988a7,534352,0x3C1BCa5a656e69edCD0D4E36BEbb3FcDAcA60Cf1,534352_0x3C1BCa5a656e69edCD0D4E36BEbb3FcDAcA60Cf1,Wrapped Bitcoin,WBTC,8,93202.09845464413,wNATIVE
6627b934c6428062e9a988a8,534352,0x5300000000000000000000000000000000000004,534352_0x5300000000000000000000000000000000000004,Wrapped Ethereum,WETH,18,3238.912175790329,wETH
6627b934c6428062e9a988a9,534352,0x53878B874283351D26d206FA512aEcE1Bef6C0dD,534352_0x53878B874283351D26d206FA512aEcE1Bef6C0dD,Rocket Pool ETH,rETH,18,3624.927819463751,CRYPTO
6627b934c6428062e9a988aa,534352,0xcA77eB3fEFe3725Dc33bccB54eDEFc3D9f764f97,534352_0xcA77eB3fEFe3725Dc33bccB54eDEFc3D9f764f97,DAI,DAI,18,1.000121500549585,STABLE
6627b934c6428062e9a988ab,534352,0xf55BEC9cafDbE8730f096Aa55dad6D22d44099Df,534352_0xf55BEC9cafDbE8730f096Aa55dad6D22d44099Df,USDT,USDT,6,0.999887086274799,STABLE
6627b934c6428062e9a988ac,534352,0xf610A9dfB7C89644979b4A0f27063E9e7d7Cda32,534352_0xf610A9dfB7C89644979b4A0f27063E9e7d7Cda32,Bridged Wrapped Lido Staked Ether (Scroll),wstETH,18,3853.516696824753,CRYPTO
6627ba6a7349edebd443473f,81457,0x2416092f143378750bb29b79eD961ab195CcEea5,81457_0x2416092f143378750bb29b79eD961ab195CcEea5,ezETH,ezETH,18,3346.565152050297,CRYPTO
6627ba6a7349edebd4434740,81457,0x0000000000000000000000000000000000000000,81457_0x0000000000000000000000000000000000000000,Ethereum,ETH,18,3247.375871512513,NATIVE
6627ba6a7349edebd4434741,81457,0x20fE91f17ec9080E3caC2d688b4EcB48C5aC3a9C,81457_0x20fE91f17ec9080E3caC2d688b4EcB48C5aC3a9C,YES Money,Yes,18,4.062060227428305,CRYPTO
6627ba6a7349edebd4434742,81457,0x42E12D42b3d6C4A74a88A61063856756Ea2DB357,81457_0x42E12D42b3d6C4A74a88A61063856756Ea2DB357,Orbit Protocol,Orbit,18,0.003763907159811223,CRYPTO
6627ba6a7349edebd4434743,81457,0x4300000000000000000000000000000000000003,81457_0x4300000000000000000000000000000000000003,USDB,USDB,18,0.9956801412581386,STABLE
6627ba6a7349edebd4434744,81457,0x4300000000000000000000000000000000000004,81457_0x4300000000000000000000000000000000000004,WETH,WETH,18,3238.912175790329,wETH
6627bc39f7866dfd472aba5c,324,0x4B9eb6c0b6ea15176BBF62841C6B2A8a398cb656,324_0x4B9eb6c0b6ea15176BBF62841C6B2A8a398cb656,DAI,DAI,18,1.000121500549585,STABLE
6678534b45c1fe3ada716164,1,0x582d872A1B094FC48F5DE31D3B73F2D9bE47def1,1_0x582d872A1B094FC48F5DE31D3B73F2D9bE47def1,TON,TON,18,5.201661080825797,CRYPTO
6678534b45c1fe3ada716165,56,0x76A797A59Ba2C17726896976B7B3747BfD1d220f,56_0x76A797A59Ba2C17726896976B7B3747BfD1d220f,TON,TON,18,5.201661080825797,CRYPTO
6678534b45c1fe3ada716166,1,0x6985884C4392D348587B19cb9eAAf157F13271cd,1_0x6985884C4392D348587B19cb9eAAf157F13271cd,Layer Zero Token,ZRO,18,4.653113438162586,CRYPTO
6678534b45c1fe3ada716167,56,0x6985884C4392D348587B19cb9eAAf157F13271cd,56_0x6985884C4392D348587B19cb9eAAf157F13271cd,Layer Zero Token,ZRO,18,4.653113438162586,CRYPTO
6678534b45c1fe3ada716168,137,0x6985884C4392D348587B19cb9eAAf157F13271cd,137_0x6985884C4392D348587B19cb9eAAf157F13271cd,Layer Zero Token,ZRO,18,4.653113438162586,CRYPTO
6678534b45c1fe3ada716169,42161,0x6985884C4392D348587B19cb9eAAf157F13271cd,42161_0x6985884C4392D348587B19cb9eAAf157F13271cd,Layer Zero Token,ZRO,18,4.653113438162586,CRYPTO
6678534b45c1fe3ada71616a,10,0x6985884C4392D348587B19cb9eAAf157F13271cd,10_0x6985884C4392D348587B19cb9eAAf157F13271cd,Layer Zero Token,ZRO,18,4.653113438162586,CRYPTO
6678534b45c1fe3ada71616b,8453,0x6985884C4392D348587B19cb9eAAf157F13271cd,8453_0x6985884C4392D348587B19cb9eAAf157F13271cd,Layer Zero Token,ZRO,18,4.653113438162586,CRYPTO
6678534b45c1fe3ada71616c,1,0xbf5495Efe5DB9ce00f80364C8B423567e58d2110,1_0xbf5495Efe5DB9ce00f80364C8B423567e58d2110,Renzo Restaked ETH,ezETH,18,3346.565152050297,CRYPTO
6678534b45c1fe3ada71616d,42161,0x2416092f143378750bb29b79eD961ab195CcEea5,42161_0x2416092f143378750bb29b79eD961ab195CcEea5,Renzo Restaked ETH,ezETH,18,3346.565152050297,CRYPTO
6678534b45c1fe3ada71616e,8453,0x2416092f143378750bb29b79eD961ab195CcEea5,8453_0x2416092f143378750bb29b79eD961ab195CcEea5,Renzo Restaked ETH,ezETH,18,3346.565152050297,CRYPTO
6678534b45c1fe3ada71616f,56,0x2416092f143378750bb29b79eD961ab195CcEea5,56_0x2416092f143378750bb29b79eD961ab195CcEea5,Renzo Restaked ETH,ezETH,18,3346.565152050297,CRYPTO
6678534b45c1fe3ada716170,59144,0x2416092f143378750bb29b79eD961ab195CcEea5,59144_0x2416092f143378750bb29b79eD961ab195CcEea5,Renzo Restaked ETH,ezETH,18,3346.565152050297,CRYPTO
6678534b45c1fe3ada716171,1,0x35fA164735182de50811E8e2E824cFb9B6118ac2,1_0x35fA164735182de50811E8e2E824cFb9B6118ac2,ether.fi Staked ETH,eETH,18,3222.672262658857,CRYPTO
6678534b45c1fe3ada716172,1,0xCd5fE23C85820F7B72D0926FC9b05b43E359b7ee,1_0xCd5fE23C85820F7B72D0926FC9b05b43E359b7ee,Wrapped eETH,weETH,18,3428.16239321023,CRYPTO
6678534b45c1fe3ada716173,42161,0x35751007a407ca6FEFfE80b3cB397736D2cf4dbe,42161_0x35751007a407ca6FEFfE80b3cB397736D2cf4dbe,Wrapped eETH,weETH,18,3428.16239321023,CRYPTO
6678534b45c1fe3ada716174,81457,0x04C0599Ae5A44757c0af6F9eC3b93da8976c150A,81457_0x04C0599Ae5A44757c0af6F9eC3b93da8976c150A,Wrapped eETH,weETH,18,3428.16239321023,CRYPTO
6678534b45c1fe3ada716175,10,0x346e03F8Cce9fE01dCB3d0Da3e9D00dC2c0E08f0,10_0x346e03F8Cce9fE01dCB3d0Da3e9D00dC2c0E08f0,Wrapped eETH,weETH,18,3428.16239321023,CRYPTO
6678534b45c1fe3ada716176,8453,0x04C0599Ae5A44757c0af6F9eC3b93da8976c150A,8453_0x04C0599Ae5A44757c0af6F9eC3b93da8976c150A,Wrapped eETH,weETH,18,3428.16239321023,CRYPTO
6678534b45c1fe3ada716177,56,0x04C0599Ae5A44757c0af6F9eC3b93da8976c150A,56_0x04C0599Ae5A44757c0af6F9eC3b93da8976c150A,Wrapped eETH,weETH,18,3428.16239321023,CRYPTO
6678534b45c1fe3ada716178,59144,0x1Bf74C010E6320bab11e2e5A532b5AC15e0b8aA6,59144_0x1Bf74C010E6320bab11e2e5A532b5AC15e0b8aA6,Wrapped eETH,weETH,18,3222.672262658857,CRYPTO
6678534b45c1fe3ada716179,324,0x5A7d6b2F92C77FAD6CCaBd7EE0624E64907Eaf3E,324_0x5A7d6b2F92C77FAD6CCaBd7EE0624E64907Eaf3E,zksync token,ZK,18,0.1782880008229759,CRYPTO
6678534b45c1fe3ada71617a,8453,0x833589fCD6eDb6E08f4c7C32D4f71b54bdA02913,8453_0x833589fCD6eDb6E08f4c7C32D4f71b54bdA02913,USD Coin,USDC,6,0.9999790189591575,STABLE
6678534b45c1fe3ada71617b,10,0x0b2C639c533813f4Aa9D7837CAf62653d097Ff85,10_0x0b2C639c533813f4Aa9D7837CAf62653d097Ff85,USD Coin,USDC,6,0.9999790189591575,STABLE
6678534b45c1fe3ada71617c,1,0xD9A442856C234a39a81a089C06451EBAa4306a72,1_0xD9A442856C234a39a81a089C06451EBAa4306a72,puf-ethereum,pufETH,18,3352.637227910698,CRYPTO
6678534b45c1fe3ada71617d,1,0xA1290d69c65A6Fe4DF752f95823fae25cB99e5A7,1_0xA1290d69c65A6Fe4DF752f95823fae25cB99e5A7,USD Coin,rsETH,18,3344.649791519403,CRYPTO
6678534b45c1fe3ada71617e,1,0x4c9EDD5852cd905f086C759E8383e09bff1E68B3,1_0x4c9EDD5852cd905f086C759E8383e09bff1E68B3,Ethena USDe,USDe,18,0.9986582998519034,CRYPTO
6678534b45c1fe3ada71617f,534352,0x5d3a1Ff2b6BAb83b63cd9AD0787074081a52ef34,534352_0x5d3a1Ff2b6BAb83b63cd9AD0787074081a52ef34,Ethena USDe,USDe,18,0.9986582998519034,CRYPTO
6678534b45c1fe3ada716180,56,0x5d3a1Ff2b6BAb83b63cd9AD0787074081a52ef34,56_0x5d3a1Ff2b6BAb83b63cd9AD0787074081a52ef34,Ethena USDe,USDe,18,0.9986582998519034,CRYPTO
6678534b45c1fe3ada716181,10,0x5d3a1Ff2b6BAb83b63cd9AD0787074081a52ef34,10_0x5d3a1Ff2b6BAb83b63cd9AD0787074081a52ef34,Ethena USDe,USDe,18,0.9986582998519034,CRYPTO
6678534b45c1fe3ada716182,59144,0x5d3a1Ff2b6BAb83b63cd9AD0787074081a52ef34,59144_0x5d3a1Ff2b6BAb83b63cd9AD0787074081a52ef34,Ethena USDe,USDe,18,0.9986582998519034,CRYPTO
6678534b45c1fe3ada716183,1,0x9D39A5DE30e57443BfF2A8307A4256c8797A3497,1_0x9D39A5DE30e57443BfF2A8307A4256c8797A3497,Ethena Staked USDe,sUSDe,18,1.139823167021583,CRYPTO
6678534b45c1fe3ada716184,56,0x211Cc4DD073734dA055fbF44a2b4667d5E5fE5d2,56_0x211Cc4DD073734dA055fbF44a2b4667d5E5fE5d2,Ethena Staked USDe,sUSDe,18,1.139823167021583,CRYPTO
6678534b45c1fe3ada716185,10,0x211Cc4DD073734dA055fbF44a2b4667d5E5fE5d2,10_0x211Cc4DD073734dA055fbF44a2b4667d5E5fE5d2,Ethena Staked USDe,sUSDe,18,1.139823167021583,CRYPTO
6678534b45c1fe3ada716186,42161,0x211Cc4DD073734dA055fbF44a2b4667d5E5fE5d2,42161_0x211Cc4DD073734dA055fbF44a2b4667d5E5fE5d2,Ethena Staked USDe,sUSDe,18,1.139823167021583,CRYPTO
6678534b45c1fe3ada716187,534352,0x211Cc4DD073734dA055fbF44a2b4667d5E5fE5d2,534352_0x211Cc4DD073734dA055fbF44a2b4667d5E5fE5d2,Ethena Staked USDe,sUSDe,18,1.139823167021583,CRYPTO
6678534b45c1fe3ada716188,1,0xF1376bceF0f78459C0Ed0ba5ddce976F1ddF51F4,1_0xF1376bceF0f78459C0Ed0ba5ddce976F1ddF51F4,Universal ETH,uniETH,18,3513.861813466802,CRYPTO
6678534b45c1fe3ada716189,59144,0x15EEfE5B297136b8712291B632404B66A8eF4D25,59144_0x15EEfE5B297136b8712291B632404B66A8eF4D25,Universal ETH,uniETH,18,3513.861813466802,CRYPTO
6678534b45c1fe3ada71618a,534352,0x15EEfE5B297136b8712291B632404B66A8eF4D25,534352_0x15EEfE5B297136b8712291B632404B66A8eF4D25,Universal ETH,uniETH,18,3513.861813466802,CRYPTO
6678534b45c1fe3ada71618b,534352,0xc4d46E8402F476F269c379677C99F18E22Ea030e,534352_0xc4d46E8402F476F269c379677C99F18E22Ea030e,puf-ethereum,pufETH,18,3352.637227910698,CRYPTO
6678534b45c1fe3ada71618c,534352,0x2Bbbdf97295F73175b12CC087cF446765931e1C3,534352_0x2Bbbdf97295F73175b12CC087cF446765931e1C3,Wrapped stETH,wstETH,18,3853.516696824753,CRYPTO
66791d508fc83256cd17c64e,59144,0x211Cc4DD073734dA055fbF44a2b4667d5E5fE5d2,59144_0x211Cc4DD073734dA055fbF44a2b4667d5E5fE5d2,Ethena Staked USDe,sUSDe,18,1.139823167021583,CRYPTO
66791d508fc83256cd17c64f,42161,0x5d3a1Ff2b6BAb83b63cd9AD0787074081a52ef34,42161_0x5d3a1Ff2b6BAb83b63cd9AD0787074081a52ef34,Ethena USDe,USDe,18,0.9986582998519034,STABLE
6698de519918dc17d88b23c4,59144,0xe4D584ae9b753e549cAE66200A6475d2f00705f7,59144_0xe4D584ae9b753e549cAE66200A6475d2f00705f7,Merlin BTC,M-BTC,18,93552,CRYPTO
6698de519918dc17d88b23c5,59144,0x5FFcE65A40f6d3de5332766ffF6A28BF491C868c,59144_0x5FFcE65A40f6d3de5332766ffF6A28BF491C868c,Free Bridge SolvBTC,SolvBTC.m,18,93217,CRYPTO
669a0291f663910cb5ffd2ba,534352,0x3Ba89d490AB1C0c9CC2313385b30710e838370a4,534352_0x3Ba89d490AB1C0c9CC2313385b30710e838370a4,Free Bridged SolvBTC.b,SolvBTC.b,18,93217,CRYPTO
669a0291f663910cb5ffd2bb,534352,0x01f0a31698C4d065659b9bdC21B3610292a1c506,534352_0x01f0a31698C4d065659b9bdC21B3610292a1c506,Wrapped eETH,weETH,18,3428.16239321023,CRYPTO
669a0291f663910cb5ffd2bc,534352,0xa25b25548B4C98B0c7d3d27dcA5D5ca743d68b7F,534352_0xa25b25548B4C98B0c7d3d27dcA5D5ca743d68b7F,rsETHWrapper,wrsETH,18,3344.649791519403,CRYPTO
669a0291f663910cb5ffd2bd,534352,0x80137510979822322193FC997d400D5A6C747bf7,534352_0x80137510979822322193FC997d400D5A6C747bf7,StakeStone Ether,STONE,18,3362.94,CRYPTO
66ca017b93d62c15762932b4,10,0xdC6fF44d5d932Cbd77B52E5612Ba0529DC6226F1,10_0xdC6fF44d5d932Cbd77B52E5612Ba0529DC6226F1,Worldcoin,WLD,18,2.135220007018208,CRYPTO
66ca017b93d62c15762932b6,1,0x163f8C2467924be0ae7B5347228CABF260318753,1_0x163f8C2467924be0ae7B5347228CABF260318753,Worldcoin,WLD,18,2.135220007018208,CRYPTO
66cfcf2edbf72586771ea310,137,0x3c499c542cEF5E3811e1192ce70d8cC03d5c3359,137_0x3c499c542cEF5E3811e1192ce70d8cC03d5c3359,USD Coin,USDC,6,0.9999790189591575,STABLE
671706d4778c666e84c1f47b,534352,0xd29687c813D741E2F938F4aC377128810E217b1b,534352_0xd29687c813D741E2F938F4aC377128810E217b1b,Scroll,SCR,18,0.8331336767903661,CRYPTO
672765bc0099b900fbe2db33,2818,0x0000000000000000000000000000000000000000,2818_0x0000000000000000000000000000000000000000,Ethereum,ETH,18,3247.375871512513,NATIVE
672765bc0099b900fbe2db34,2818,0x5300000000000000000000000000000000000011,2818_0x5300000000000000000000000000000000000011,Wrapped Ethereum,WETH,18,3238.912175790329,wETH
672765bc0099b900fbe2db35,2818,0x1199E23C0baE9710cCd9F645FA57794e5D469D06,2818_0x1199E23C0baE9710cCd9F645FA57794e5D469D06,USD Coin,LegacyUSDC,6,0.9999790189591575,STABLE
672765bc0099b900fbe2db36,2818,0xc7D67A9cBB121b3b0b9c053DD9f469523243379A,2818_0xc7D67A9cBB121b3b0b9c053DD9f469523243379A,Tether USD,USDT,6,0.999887086274799,STABLE
672765bc0099b900fbe2db37,2818,0x803DcE4D3f4Ae2e17AF6C51343040dEe320C149D,2818_0x803DcE4D3f4Ae2e17AF6C51343040dEe320C149D,Wrapped BTC,WBTC,8,93202.09845464413,wNATIVE
672765bc0099b900fbe2db38,2818,0xef8A24599229D002B28bA2F5C0eBdD3c0EFFbed4,2818_0xef8A24599229D002B28bA2F5C0eBdD3c0EFFbed4,DAI Stablecoin,DAI,18,1.000121500549585,STABLE
673b6dccd99ffae2ccbf3b2e,1,0xcbB7C0000aB88B473b1f5aFd9ef808440eed33Bf,1_0xcbB7C0000aB88B473b1f5aFd9ef808440eed33Bf,Coinbase Wrapped BTC,cbBTC,8,93120.64877069942,CRYPTO
673b6dccd99ffae2ccbf3b2f,8453,0xcbB7C0000aB88B473b1f5aFd9ef808440eed33Bf,8453_0xcbB7C0000aB88B473b1f5aFd9ef808440eed33Bf,Coinbase Wrapped BTC,cbBTC,8,93120.64877069942,CRYPTO
673c54d615e1cf85aaf7efb8,2818,0xe34c91815d7fc18A9e2148bcD4241d0a5848b693,2818_0xe34c91815d7fc18A9e2148bcD4241d0a5848b693,USD Coin,USDC,6,0.9999790189591575,STABLE
674346ec3d2bb9183a478dd2,1088,0x0000000000000000000000000000000000000000,1088_0x0000000000000000000000000000000000000000,Metis,METIS,18,38.21798657499977,NATIVE
674346ec3d2bb9183a478dd3,1088,0x75cb093E4D61d2A2e65D8e0BBb01DE8d89b53481,1088_0x75cb093E4D61d2A2e65D8e0BBb01DE8d89b53481,Wrapped Metis,WMETIS,18,38.21798657499977,wETH
674346ec3d2bb9183a478dd4,1088,0x2583A2538272f31e9A15dD12A432B8C96Ab4821d,1088_0x2583A2538272f31e9A15dD12A432B8C96Ab4821d,Staked Metis Token,artMETIS,18,42.81,INVESTMENT
674346ec3d2bb9183a478dd5,1,0x9E32b13ce7f2E80A01932B42553652E053D6ed8e,1_0x9E32b13ce7f2E80A01932B42553652E053D6ed8e,Metis,METIS,18,38.21798657499977,wNATIVE
674346ec3d2bb9183a478dd6,1088,0x420000000000000000000000000000000000000A,1088_0x420000000000000000000000000000000000000A,Ether,WETH,18,3238.912175790329,wNATIVE
674346ec3d2bb9183a478dd7,1088,0xbB06DCA3AE6887fAbF931640f67cab3e3a16F4dC,1088_0xbB06DCA3AE6887fAbF931640f67cab3e3a16F4dC,Tether USD,m.USDT,6,0.999887086274799,STABLE
674346ec3d2bb9183a478dd8,1088,0xEA32A96608495e54156Ae48931A7c20f0dcc1a21,1088_0xEA32A96608495e54156Ae48931A7c20f0dcc1a21,USD Coin,m.USDC,6,0.9999790189591575,STABLE
674346ec3d2bb9183a478dd9,1088,0x4c078361FC9BbB78DF910800A991C7c3DD2F6ce0,1088_0x4c078361FC9BbB78DF910800A991C7c3DD2F6ce0,DAI Stablecoin,m.DAI,18,1.000121500549585,STABLE
674347136821bca21398ece5,534352,0x8731d54E9D02c286767d56ac03e8037C07e01e98,534352_0x8731d54E9D02c286767d56ac03e8037C07e01e98,Stargate Token,STG,18,0.412629748937109,CRYPTO
676665e05d497c747daecbec,8453,0x4F9Fd6Be4a90f2620860d680c0d4d5Fb53d1A825,8453_0x4F9Fd6Be4a90f2620860d680c0d4d5Fb53d1A825,aixbt by Virtuals,AIXBT,18,0.4179626931264047,CRYPTO
6774bf813357d6906ce55a95,2818,0x55d1f1879969bdbB9960d269974564C58DBc3238,2818_0x55d1f1879969bdbB9960d269974564C58DBc3238,Bitget Token,BGB,18,6.435568884086178,CRYPTO
6774bf813357d6906ce55a96,1,0x54D2252757e1672EEaD234D27B1270728fF90581,1_0x54D2252757e1672EEaD234D27B1270728fF90581,Bitget Token,BGB,18,6.435568884086178,CRYPTO